"","primer1","primer2","label"
"1","AGCATTGTGGGTAGTAAGGTATAAA","AGCTCAAAATCTACATAACCCCTC",0
"2","AGCGTGGTTATTGGATGGGTTTG","AGCAAATCTTTACTAAAAAAAATTTACCTT",0
"3","AGCGGTAAGTGTTTAGGATGGTT","AGCATCACAAAACCCCTCCCTT",0
"4","AGCCCCAAAACACCCCCACT","AGCGGGTTAAAGAGAAGAAGGTT",0
"5","AGCAAACTATCCAATCAAACACACA","AGCGAGGATATAGAGTAGTGAAG",0
"6","AGCTATTCTAAATTCTTCCTTTTCCC","AGCGTTTTTGATTTTTTAGGTAAATATAAT",0
"7","AGCGGTAAGTGTTTAGGATGGTT","AGCATCACAAAACCCCTCCCTT",0
"8","AGCAAAATAGGTAGTTTTTTGTGATGA","AGCCACCCCTCCTACTCCC",0
"9","AGCAGGGTTTGGTATGTAGAGAG","AGCTTAACCACCCTTCCAAATCA",0
"10","AGCAAACTATCCAATCAAACACACA","AGCGAGGATATAGAGTAGTGAAG",0
"11","AGCTTTTGAGTTTTTATTGGTTTAGTAG","AGCCCAAAAAATTAATACAAAAAATCCC",0
"12","AGCAAAATTCCTAAACTCTAAACATCA","AGCGGGATAAGGGGGAGGAA",0
"13","AGCGGATAGAGAGAGAAAAGAAG","AGCTATAACCTTAAACAAATAATCACAT",0
"14","AGCTTGTTTTTTAGGAAAGAGAGAG","AGCTTATTCCCAAAATATAAATCATCC",0
"15","AGCAGGGAGAGAAGAGTGGTAA","AGCTACCTTAATTATATAACATTAAATCAA",0
"16","AGCAAAAAAAAAACTCCTACTTTTCCA","AGCGTTTTTTAGATAGTTGTTAATGAAG",0
"17","AGCAAAATAGTAGAGAGAGGTGTAA","AGCCAAATATTCTTCAAATCTTTCCAA",0
"18","AGCTAACATTTCAAACTTATTCTACCAA","AGCATATTTATTAGTATTAAAAGGTGGG",0
"19","AGCAAATAAATTAATTTTTAATCTTTATTCATC","AGCTTAAAATATTAAAATAAGTATGTGTGTT",0
"20","GACCTCAACGCACAGTACGAATTGTGGGTAGTAAGGTATAAA","CGTCACTGAAACCACCGGAATCAAAATCTACATAACCCCTC",0
"21","GACCTCAACGCACAGTACGATTTTGAGTTTTTATTGGTTTAGTAG","CGTCACTGAAACCACCGGAACCAAAAAATTAATACAAAAAATCCC",0
"22","GACCTCAACGCACAGTACGAAAAATAGTAGAGAGAGGTGTAA","CGTCACTGAAACCACCGGAACAAATATTCTTCAAATCTTTCCAA",0
"23","GACCTCAACGCACAGTACGATATTCTAAATTCTTCCTTTTCCC","CGTCACTGAAACCACCGGAAGTTTTTGATTTTTTAGGTAAATATAAT",0
"24","GACCTCAACGCACAGTACGAGGATAGAGAGAGAAAAGAAG","CGTCACTGAAACCACCGGAATATAACCTTAAACAAATAATCACAT",0
"25","GACCTCAACGCACAGTACGATTGTTTTTTAGGAAAGAGAGAG","CGTCACTGAAACCACCGGAATTATTCCCAAAATATAAATCATCC",0
"26","GACCTCAACGCACAGTACGAAGGGAGAGAAGAGTGGTAA","CGTCACTGAAACCACCGGAATACCTTAATTATATAACATTAAATCAA",0
"27","GACCTCAACGCACAGTACGAAAAAAAAAAACTCCTACTTTTCCA","CGTCACTGAAACCACCGGAAGTTTTTTAGATAGTTGTTAATGAAG",0
"28","GTCATGCGCCCCATAGAATTTTTATTTGGTTTTATTTTTGTA","CTCGGACGCACCCATTTCCTAACCCCCCACTTA",0
"29","GTCATGCGCCCCATTAGTATGTAAAAGGGATTAGTTTTG","CTCGGACGCACCCACCCTCCCCCTACTTCTTA",0
"30","GTCATGCGCCCCATACTTTTCCACTTTTAAAAAATAAAATAA","CTCGGACGCACCCATTGAGTGGGAAGATTTGAGAT",0
"31","GTCATGCGCCCCATCTATAACTCAAAATTACTCTACTAA","CTCGGACGCACCCAGTTTATGTGAGAGTTGTATATAAG",0
"32","GTCATGCGCCCCATAGAGGGTATATTTATTTATGTTTGT","CTCGGACGCACCCACTTAACCCCTAAAAATACTCATT",0
"33","GTCATGCGCCCCATTAGTTTATTTTTTTGTTTTTGTTTTTGA","CTCGGACGCACCCAAACCATACTAACAACATCCCT",0
"34","GTCATGCGCCCCATAAAAAAAAAAAAAAAAATCTCCCAAATC","CTCGGACGCACCCATTGGTTGGGATAGTTAGAGAA",0
"35","GTCATGCGCCCCATAAATACTACAAACATTTACTTACATA","CTCGGACGCACCCAGGATAGTTGGGATTGTAAAATAG",0
"36","GTCATGCGCCCCATACAAATATTATTATCCTTTTAAAAAATC","CTCGGACGCACCCAAAGTATATAAGTATGTAAATGGTAAG",0
"37","GTCATGCGCCCCATTTATTGATTTTGTTGTTTTGTGGAA","CTCGGACGCACCCAAAAAACTATATACTTTATAAACACTAAT",0
"38","GTCATGCGCCCCATTTATCCTTTTAAAAAATCCTAAATCC","CTCGGACGCACCCATTTGTATGAAAGTATATAAGTATGTA",0
"39","GTCATGCGCCCCATACCAACTCCAAATAAACTTATCC","CTCGGACGCACCCAATATGTTAGTATATAGTTTTAATTGTG",0
"40","GTCATGCGCCCCATGGAATGGAATTTATAATGAATATTAG","CTCGGACGCACCCAACCCTCAAATCAATTTCTATTAC",0
"41","GTCATGCGCCCCATGAGTTAATTAAAATAATTTTAATAATAGAG","CTCGGACGCACCCACAACACATTACTACAACTTAATTTT",0
"42","AGACTAAAAATACCAAAACAAAACATA","AGTTAAGGGGTAGGGTATTAAG",0
"43","AGGTTGTAGTAGAAGAAAAAAGTAAG","AGATATTAAAAAAATAAACAAAAAAAAAAAAAAA",0
"44","AGATAGTATTAAAGGGAGAAAGGA","AGCATCTAAAAAAAAAAAATAATACCAC",0
"45","AGTTTTAGTTTAAAGTTGAGTAGGAG","AGCAATTCAAAACAAAACAAAACCC",0
"46","AGTTTTGGGGGAGGGAGAG","AGAAAAAAACAAAACACATAAACACAC",0
"47","AGGAAATTTTGGGGGAAAGATAAA","AGCCAAAAAAAAAACTATACTATATAC",0
"48","AGAGTAGGTAAAATTATAAAGAATAAG","AGAATTAAATATAACACAAAAAAATCACA",0
"49","AGTTAAAAAATAAATAAAAATAAGTTAAGTAA","AGCATTACAAACTATACAAATAAATCA",0
"50","AGTTTAAGGATAGGAGTTGAATAAAG","AGAAACAAAACCTCCAATCCCA",0
"51","AGAACCCCCAATAAAAAACATCTC","AGAGTAGGTATATTTTAAAAAGTAGG",0
"52","AGCTCCTCAAAATTAAAACCCAC","AGTTTAAAAATGGTAAGAGGAAAGG",0
"53","AGAAATTAAAAACCTTAACCTATTACA","AGTTAGGAGTTGGAAGTAGAGA",0
"54","AGGTAAGGAGGAAAATAAAAGAGA","AGTAAAAAATAAAAAACTAAAAAAACCCA",0
"55","AGTTGGATAAGATAATTTGAATATGAA","AGACTACATAAAAAAAAACCATAACAA",0
"56","AGCCCAAATTAAACTAATCTTAACAA","AGGTTTAGGTTAGAAAGTGAGTAA",0
"57","AGATAACTTACAATAACCATATAACAA","AGGGAAGAGTGGAGGTAGAAG",0
"58","AGAAATAATTTTGGAAAAAATATTAAAATAAG","AGATTTCAATTATAAAAAAAAAAAAATAAATAAA",0
"59","AGAAATACCCTTCCCAAATCCC","AGAATTAGGAGGTATGTAGAAAAG",0
"60","AGTGGTTAGTGTTTGGAGTGAG","AGTTTAAAAACTTTCAATCCACCC",0
"61","AGAAAATAACCCAAATAAACCCAC","AGTAGTTAGTTGGAGGAAAGGA",0
"62","AGACTACAAATCCTCAAACACAC","AGATTGGTTTTAGAGAAGGAATAAG",0
"63","AGAATGAGGTTAGGAGGAGAAG","AGCTAAAATACCCAAAAATATCCC",0
"64","AGGTTAGAGTAGAGAGGGAGA","AGAAATATTTAAACAAAACAACTAAACAA",0
"65","AGTAGTTTTAAGATTTTAGGGTTAGG","AGTAAACAATCAAACAAAACAATCAC",0
"66","AGGTAGTAGGATATAAAGTATAATAAG","AGACAATACAAATCAATTACAATAATAAA",0
"67","AGAAAATAAAATAAAATAAAAAGAGGGAG","AGACTTAACAATATACAACCAATCAT",0
"68","AGGAAAGGATAATAGGAATATAATGA","AGTAAAAAACAAATAACAAATAAATAACAA",0
"69","AGTAGATATTGAATAATAAATAATAAATGA","AGAATATAAAACACAAAAAAATCACAC",0
"70","AGAAAAAATTTTATAACAAAACTTAAACAA","AGTAGAAGATATTTAGGAGAGGAA",0
"71","AGAAAATAAAAATCCAAAAAAAAAATCCC","AGAAGATTAGAGGTTATTTAGAGAAA",0
"72","AGAACAACTATATAACCCTTCCC","AGGAGAATATAAATTTAGAATTAAGAAAT",0
"73","AGAGAAGTTGATGTAGAGAGAG","AGAAAAAACCACATTTTTATAATTATCC",0
"74","AGAAAATATCAAAATCAACTCTACTAT","AGTTAGAATTTTATTATTTTTTTATTAGGT",0
"75","AGCTCTACCTCCCCTCCC","AGAGTGTTTTTTTTTTTTTAATTGGTG",0
"76","AGTATATTTTTTTTTTTTTTTTTTTAATTTTGTA","AGAAACTAAAAACATCCCTCCC",0
"77","AGTCTAAATTATATTACTATACCCTTT","AGTTTTTGTAGTTTTTTTTTTTGTGAG",0
"78","AGTAAAAATTAATTTTCCATTTACATACA","AGTATGTTTTATTTTAGATTTAGTGAG",0
"79","AGCTGTTTTTTTTTTTGTTGTGGGTAA","AGCCTATAAATCCTAATACTTAACTCA",0
"80","AGAAACTTTATATTATATATTATATTTTTACA","AGGTTTTTTGGGTTTATGTTTTGG",0
"81","AGCGGTGGAGTTTATTAAGGTTG","AGCCCCTATAACCACACCCC",0
"82","AGCGGGTTTTTTGGGAATTGTAG","AGCAAACAATCTCTACCCTCCTT",0
"83","GACCTCAACGCACAGTACGATGTTTTTTTTTTTGTTGTGGGTAA","CGTCACTGAAACCACCGGAACTATAAATCCTAATACTTAACTCA",0
"84","AGCCCTTAAAAAACAACTCTCAACC","AGCATTAAATTTTTATGTTTAAAGTGATAG",0
"85","AGCTCTTATCATAAAATTAACTTCCCT","AGCGTGGTTATTTTTTTTTTAGAGATG",0
"86","AGTTATTTTATTTTTTTTTTTAGTTTAGGT","AGCAACTTTATCTATTTTCAAACATTT",0
"87","GTCATGCGCCCCATTACCCTACCAAATCTTCCTC","CTCGGACGCACCCATTTGGGGTGAGTTGAGATG",0
"88","GACCTCAACGCACAGTACGAGGGTTTTTTGGGAATTGTAG","CGTCACTGAAACCACCGGAAAAACAATCTCTACCCTCCTT",0
"89","AGTGTAGGAAGTAAATATATAAGGG","AGCCACCCCAAACTTCACATA",0
"90","GTCATGCGCCCCATGTAGAGTTAATTAAAATAATTTTAATAATA","CTCGGACGCACCCACACCAACACATTACTACAACT",0
"91","AGCGGTTAGTTTAGTTGGTTAGAG","AGCCATAATTATTACTATAAAATAAACATTA",0
"92","AGCTTGTAAATGGTATGGAGATATATG","AGCCTACTCATCTCTAACACATC",0
"93","AGCCATCTAATAACAAAACTATAACA","AGGATTTTAGATTAAGAAGTTAGTGA",0
"94","GACCTCAACGCACAGTACGACCTTAAAAAACAACTCTCAACC","CGTCACTGAAACCACCGGAAATTAAATTTTTATGTTTAAAGTGATAG",0
"95","AGCATTAACCATAAACACATTTTTCA","AGTTTAGGTTTATTAATATTGAGATAG",0
"96","GACCTCAACGCACAGTACGATCTTATCATAAAATTAACTTCCCT","CGTCACTGAAACCACCGGAAGTGGTTATTTTTTTTTTAGAGATG",0
"97","AGCTTAAAAAACCACCACTTCCAAT","AGCTTGTTGTAATTGATAAATTATGTGA",0
"98","AGTCAACAAATACTACCATTATTACA","AGAGGAATATAGTAATTTTTGAATATAAA",0
"99","AGCTTTGAGAAAAGGAAATAGAGGG","AGCCTCCAAACATTTCTATCTAAATTA",0
"100","GTCATGCGCCCCATTAAATACTAAAATTAAAAAACCCTCA","CTCGGACGCACCCATAAAAATTTGTTATAAGAGGAATAAATA",0
"101","GTCATGCGCCCCATTTAACATAAATACAAAACTTCCAAAA","CTCGGACGCACCCAGTTTTTTTTTTTTTAATTTTAAAGATGAAT",0
"102","AGTTGGAGAGAAATGAAGAGTG","AGTAATATCTACAATATTATAACCATC",0
"103","GACCTCAACGCACAGTACGATTGTAAATGGTATGGAGATATATG","CGTCACTGAAACCACCGGAACTACTCATCTCTAACACATC",0
"104","AGCTTTTAGTTTTTTTTAGTTATAAGATGG","AGCAAAAACTCCAAACCAAAACACA",0
"105","GTCATGCGCCCCATTAAGGTTTTTTTTTTTGAGGTTGTT","CTCGGACGCACCCATTATACACTAAAATACTCCTTCTAA",0
"106","AGAACTAAATTACAAACCTCCTCC","AGATATATTTTGTGGTTTTGGGTG",0
"107","AGCATAATCTCTCTAAACTCTCCAA","AGCTAGGTTTTTTTTGGTTGTAAAGTA",0
"108","AGGGATTTTGAAATTTTAGTTGGTG","AGCAAATATACACTACTCCTCC",0
"109","GTCATGCGCCCCATTAATTAGGTTATAGTATGTAAAAGG","CTCGGACGCACCCACACCCTCCCTAAAATCATAAA",0
"110","AGAGATAGGTTAGTAATGTAGTGA","AGCAACATCTACATAAATAAAATAACA",0
"111","AGTTTTTTTGTTGAAATTTTAGTAGTATG","AGTCAAAAAAATTTAAAATACTTTTCTTTT",0
"112","AGCTTTCTAAAATAACCATATCATAACT","AGCTAGTAAGTAGAGGTAATAGAAAAT",0
"113","GTCATGCGCCCCATTATTTTTAATTTATTGTTATTTGTGGTT","CTCGGACGCACCCAATACCCTAATATTAATACAACATAC",0
"114","AGTAATCATCCCCATTTCTCTTC","AGAGAAGTGATATATTTTAGAGTGAG",0
"115","AGCTACTCTTCTAAACTTTACCAT","AGAGTTTTGGTTTTTTTATTTTATGAG",0
"116","AGCCTCCATCTCTACCTCCC","AGCAGAAGAAATTTTTGGTTTAGGTAT",0
"117","AGCTCTATCCCCTCTATCCCTC","AGCTGATAGGTTGGTTATGATGG",0
"118","AGCGTAGGGAAATAGTTTTGTTTGG","AGCCTCATAACCTTTAAATTAAAAAACA",0
"119","GACCTCAACGCACAGTACGAATAATCTCTCTAAACTCTCCAA","CGTCACTGAAACCACCGGAATAGGTTTTTTTTGGTTGTAAAGTA",0
"120","AGCCCCTTTCCTCTCCCTCT","AGCGTTTTTTATTTGTTTTTATTTTGAAGG",0
"121","AGACAAATAAATAATTCTCAAAATAACTC","AGGGTAGGAGAGAGTAGGG",0
"122","AGCTCTAATTCAATATATCAATTTACA","AGGTAATTTAGATTGTTAGAGAGAG",0
"123","AGCACCCCCCAAAAACCTCAC","AGCTTAGTTTAGGGGTTTTTTATTTTAA",0
"124","AGCAAAAACAACCTAACAAAAACAAAAT","AGCGGGTTTAGGAGAGGGGT",0
"125","AGCCACTCAAATCACCCACTCT","AGCTGTAGGGGATATTGTAGGG",0
"126","AGTGAATAAGTGAGTATTTAGATATAA","AGCTACTAAAAAATAATTATTAAACAACA",0
"127","AGATGAAGAGAATATTATTAATTTTAAGA","AGCTTACAACATCTATAAAACACATT",0
"128","AGTCCTCAAACTACAACCATCA","AGTTAGGTTGGAGATTAGGAGT",0
"129","AGGATTGAAATTTTTTTAGGTGAGTG","AGAAACAAACATAACACTATTTACATA",0
"130","AGAAAACCTTAAAATAATTCATCTTCC","AGGGTATAGAAGGATTTTGGTAG",0
"131","AGTTATTTATATAAGTTGTGTTGTGAA","AGTCCCAAATAATTATATATTTCATCC",0
"132","AGCGTTATTGTTGAGAAATGGATTG","AGCACAAAAAAATTTATACAAAAAACAACT",0
"133","AGAAAAAATAAATATATACATACCACATT","AGATTTAGATAATATTTATATAGTTTTGTA",0
"134","GACCTCAACGCACAGTACGATTTCTAAAATAACCATATCATAACT","CGTCACTGAAACCACCGGAATAGTAAGTAGAGGTAATAGAAAAT",0
"135","AGATATTTAATGAATATTGAAAGGGAG","AGACCCAAAACTACAATTCTATCA",0
"136","AGCGAGTGTGGTTGGGGGTG","AGCCCTAAACTTACCTAAAACTCC",0
"137","AGAGTAAAGTTAGATTGTAAGGAAAA","AGAAAAATTTCCAAAAAAAAACAACAC",0
"138","AGCGTTTTTTTTTTTTATTTAGGATGGT","AGCCTACCAAAAACCTTCTATACAA",0
"139","AGTTAGGTTTTTTTAAATTTTTATTGGAA","AGAAATTACTTTCCATCCTCCAC",0
"140","AGCATCCCCACCCCAAACTAAT","AGCGAGATTAATTGAGGGTTTTGAA",0
"141","GACCTCAACGCACAGTACGATTTTAGTTTTTTTTAGTTATAAGATGG","CGTCACTGAAACCACCGGAAAAAAACTCCAAACCAAAACACA",0
"142","AGCTAATCACATCTTCTATCACTCA","AGCTTTAGTTGTGTGTTTGATTGGA",0
"143","AGCTAATCACATCTTCTATCACTCA","AGCTTTAGTTGTGTGTTTGATTGGA",0
"144","AGGAATAGAGTGAATTTTTTTGGTG","AGAAAACCAATCTTCCCCTCC",0
"145","AGATCCCTAAAACAAAATTTACATCT","AGTTAGTGTATTGGTTTTGTGTTG",0
"146","AGCTTTTTTAATTTTGTAAGAAGGGATT","AGCTCTAACACCCCCTTTTTCC",0
"147","AGCAACTTTACAATTTTTATTACTACTAC","AGCAGAGGGGTGGTGGGTAA",0
"148","GACCTCAACGCACAGTACGACTCCATCTCTACCTCCC","CGTCACTGAAACCACCGGAAAGAAGAAATTTTTGGTTTAGGTAT",0
"149","AGTTTACCCTCCTCCCCTC","AGTTTTGTTTGTTTTAGGTGAGTG",0
"150","GACCTCAACGCACAGTACGAGTAGGGAAATAGTTTTGTTTGG","CGTCACTGAAACCACCGGAACTCATAACCTTTAAATTAAAAAACA",0
"151","AGCTACTTTCAAACCATCCCTC","AGAGTTTGTTAGGTATAAGAAGGT",0
"152","AGCTCAAACTCCTTACTCTATTCTC","AGCATTTAGGATAAAGTTTTGTAGGAA",0
"153","AGCCAACTATTACTATAAAATAAACATTAA","AGCGGTTAGTTTAGTTGGTTAGAG",0
"154","AGCGGTGTGTGTGTGTGTGTG","AGCAATTATAAACCACCCAACCC",0
"155","GTCATGCGCCCCATCCTTCAAATAATCACAATTATCATT","CTCGGACGCACCCATATATAATAAATTGTGAGAGTTGTAA",0
"156","AGTGTTGAGTATTATGTTATAAGTGA","AGTCCCTAAATCCTCTTACCTC",0
"157","AGCCACTTTTACCATATATCACAT","AGATATTTATTTATTTTTGATTAGGGTG",0
"158","GACCTCAACGCACAGTACGACCCTTTCCTCTCCCTCT","CGTCACTGAAACCACCGGAAGTTTTTTATTTGTTTTTATTTTGAAGG",0
"159","AGCTTAGAGTTATTTTTTTTAGTTAGGA","AGCACATTCAACTAACTTACTCTTC",0
"160","AGTAAATTTTAATTAGTTTAGTGTAGAAA","AGACTTTAAAAAAACCTACAAACAATT",0
"161","AGCCAAATAAAAAACTTCCACCAAC","AGCAGGGAGGGGAGTGGG",0
"162","AGCCCCTTAATTTTCAAAACTTATTCT","AGCAAGAAGATTTTATATTTGAGATGG",0
"163","AGCCACTCCTTTCTACTTTACTTC","AGCTGGGGATTTATATTGGTTTTGA",0
"164","AGCTGGGGATTTATATTGGTTTTGA","AGCCACTCCTTTCTACTTTACTTC",0
"165","GTCATGCGCCCCATAAACTAAATACACATACAATCCC","CTCGGACGCACCCATTATTTTATTTTGGTTTGTTTTGTAG",0
"166","GACCTCAACGCACAGTACGAGTGGTTATTGGATGGGTTTG","CGTCACTGAAACCACCGGAAAAATCTTTACTAAAAAAAATTTACCTT",0
"167","AGCGAAGTTAAATTTAATATGGATTTGG","AGCCTCCAACCCAACCATTATTA",0
"168","AGATAATAACACTATACACAATCACA","AGGAGGTAAGTTATGGAGTGAG",0
"169","GACCTCAACGCACAGTACGAACCCCCCAAAAACCTCAC","CGTCACTGAAACCACCGGAATTAGTTTAGGGGTTTTTTATTTTAA",0
"170","GTCATGCGCCCCATATTTTTTTAGTATGATGAGGAAGG","CTCGGACGCACCCAAAATAAAATTTTATCAACTTCTCTAAAA",0
"171","AGGTAATTTGAAGTTTTAAGTAAATGA","AGAAACTTAAAAAATACAAAACTCATC",0
"172","GACCTCAACGCACAGTACGACACTCAAATCACCCACTCT","CGTCACTGAAACCACCGGAATGTAGGGGATATTGTAGGG",0
"173","AGCGTAGGATTTATAGAAGTGAGG","AGCATCTCCTTTCTACACCCAC",0
"174","AGGTTTTTAAAAGATTAGTTAGTGAG","AGAACTCAAATTCCTCTAACATCT",0
"175","AGCAATATATAAAATCAATATATAAAATCA","AGTGAGAAGTGGATGTGGTGA",0
"176","GACCTCAACGCACAGTACGAAGGGTTTGGTATGTAGAGAG","CGTCACTGAAACCACCGGAATTAACCACCCTTCCAAATCA",0
"177","AGCAAAAACCTAAACTTCATCCCTC","AGCATTTTTTGTTTTAGTTAAGGTAGG",0
"178","AGCTAACTTCTCTTTTTAACTTCTCTA","AGCGGAAGTTAATTTTATGATAAGAAG",0
"179","AGCTAAATGTGTATATGGAGGGAG","AGCATCAAATTCCAAATCAATAAAATCT",0
"180","AGTAAGTGATGGTTGTTTGTGATG","AGCAATTTAAACCATCTACTTACATT",0
"181","AGCAATAGGTAGATTTTTTAGGAGAG","AGCCCCTACACATCAAATCTTCT",0
"182","AGCATTCAAAATTACTCATTTAAATTTCC","AGCTTTGTATATTGTTTTTGTTTTATATGAT",0
"183","AGCCCTACTATACCCATTTTTC","AGAATTTTTTATGGGTTTTGGGGT",0
"184","AGAAAATCAAATTTATATCTTCTCCC","AGATAAGTTAGATTAAGTAATTATAGG",0
"185","AGCGTTGTTTTTGGGAAGATAAGTG","AGCCATAACTAAATAAAAATAAAAAAAACC",0
"186","AGAAATCCAACAAAAATAAAATTTACATC","AGATGTTTTTTGTATTTAGAGAGGAA",0
"187","AGCATAAAAACCCTATCTCCCAAAT","AGCGTGTGGGTGGGTGTGG",0
"188","AGTATTTATAGGTAGGATTAGAGTG","AGCAATAATACACACCTATATCCC",0
"189","AGCAACACCAAACACATCCCA","AGATTGTAGAAGAGTAAGGGAG",0
"190","AGAGAGTGGGTTTTTTGATAGG","AGCCTTCAAATTATTTTAAAATCTTCC",0
"191","AGTATCTACTTCCCTAACTCCC","AGGAGTTTTTTTTAGTGGTTTTGG",0
"192","GTCATGCGCCCCATTCAAAATTAAAAAAACTAAATCTTCATT","CTCGGACGCACCCAATTTTTGTTGTTTTGTAGTTAGGAA",0
"193","GTCATGCGCCCCATATAACAAACATCCCATAAATACATA","CTCGGACGCACCCATTAAAGAGTATTAAATTGGGGTTG",0
"194","AGTAAAGTTATTAAGTTTTATTTATTGGG","AGCAACTCCTACTACATCTTCC",0
"195","AGGAATTTTGTTATATTATATAATTATAGG","AGATTATCATATAAATATATCTCCTAC",0
"196","GACCTCAACGCACAGTACGAATCCCCACCCCAAACTAAT","CGTCACTGAAACCACCGGAAGAGATTAATTGAGGGTTTTGAA",0
"197","AGCCATCCTTAAAAATACTCTTTCC","AGCGTTGGGTTAATATTTGAGGG",0
"198","AGCATACTTCTTAAAAAAATAACCTTCT","AGCAAGAAAATAGGTTTTTGGTTTTAAA",0
"199","GACCTCAACGCACAGTACGAAAAAACAACCTAACAAAAACAAAAT","CGTCACTGAAACCACCGGAAGGGTTTAGGAGAGGGGT",0
"200","GACCTCAACGCACAGTACGATTTGAGAAAAGGAAATAGAGGG","CGTCACTGAAACCACCGGAACTCCAAACATTTCTATCTAAATTA",0
"201","AGAGATATATAAGTTTTTTGTGGTGA","AGCCAAAAATCTTTCAAACATAACAA",0
"202","AGAACCCTTCTAAAAACACCTTAC","AGGTTAATTAATTATTTTAAGGTTATAGA",0
"203","AGCTACTTTCTCTAACACCTCCC","AGCAGGGTTGGTGATAGGTATG",0
"204","AGATATTTTTTAGTGTTTTTTTGGTGA","AGTAACTAACCAACCTCCTCC",0
"205","GACCTCAACGCACAGTACGATAATCACATCTTCTATCACTCA","CGTCACTGAAACCACCGGAATTTAGTTGTGTGTTTGATTGGA",0
"206","AGCATAAATGTTTAAGGTGAAATGTGG","AGCAACAATATAACTCACCACTTCC",0
"207","GACCTCAACGCACAGTACGATTTTTTAATTTTGTAAGAAGGGATT","CGTCACTGAAACCACCGGAATCTAACACCCCCTTTTTCC",0
"208","AGGAAGTAGAAAGATTAGAGAAGG","AGTCCCTATAATAATAAAACCACC",0
"209","AGTTTGTGTAAAGAAGAAAGGAGA","AGAAACTTAAATAAACAAAAAATTTCACA",0
"210","AGGTGGTATAAATTATAGGGGG","AGCTTATCCTAAAATCAAATCAAACC",0
"211","GACCTCAACGCACAGTACGAAACTTTACAATTTTTATTACTACTAC","CGTCACTGAAACCACCGGAAAGAGGGGTGGTGGGTAA",0
"212","AGCTTTCCAACCCAATTTTCCAAC","AGCTAAATGTTTTGGAGAGTTTAAGTG",0
"213","AGAAAATAATTTTTAAAATTTTTTGGGGG","AGAATTTTAATATCTATATTCCCTCC",0
"214","GTCATGCGCCCCATAGGGTTTTAGGGTTAATTGGA","CTCGGACGCACCCAAACCACCTCCCCAACCTC",0
"215","AGCGTTATATTGGTGAGGAGGG","AGCAAAAACTAAAATTAACAAAAACACC",0
"216","GTCATGCGCCCCATAAAACTAACAAAATAAAAAAACAAAATC","CTCGGACGCACCCAAGTGTTTGAGGGGATGGG",0
"217","AGCAAATAATAAACAATTAAAATATCTTCTT","AGCGGATTAGGTTGGAAGGTGA",0
"218","GACCTCAACGCACAGTACGATCAAACTCCTTACTCTATTCTC","CGTCACTGAAACCACCGGAAATTTAGGATAAAGTTTTGTAGGAA",0
"219","AGCAAAAAAACTTTTCTTCCCAAACAA","AGCAGAGTGTAAGGTGGGGG",0
"220","AGTTTAAATTCTAAATAAAAATAAAACAATTC","AGTAGGTAGATTTGGTTTTAGAGT",0
"221","AGCTTTGGGTTGGAAGGAGAGG","AGCACTACACCCACTCCCCA",0
"222","GACCTCAACGCACAGTACGATTAGAGTTATTTTTTTTAGTTAGGA","CGTCACTGAAACCACCGGAAACATTCAACTAACTTACTCTTC",0
"223","AGCTTCACTCCTCCCCCATC","AGCGATTTTTTTTTTTTTTTTTTAAAAATGG",0
"224","AGCATTAGGTAGAGGTGGGTGG","AGCAAAAAAACAATCCCTTTCCCTA",0
"225","AGCGGTGGATTATGTTGAGGTAG","AGCACCAAAACAAAACAAAAACATCAA",0
"226","AGCGAAGTGGTGAGTTATATTGTTA","AGCCTAACAAAACTTATTCAAAAACATT",0
"227","AGAAATCAAATTTTTACCAATCCATTC","AGGGTGATAGGGAAAGTTTTGG",0
"228","GACCTCAACGCACAGTACGAGAAGTTAAATTTAATATGGATTTGG","CGTCACTGAAACCACCGGAACTCCAACCCAACCATTATTA",0
"229","GACCTCAACGCACAGTACGACCCAAAACACCCCCACT","CGTCACTGAAACCACCGGAAGGGTTAAAGAGAAGAAGGTT",1
"230","AGAAGATAGTTTTGTATTTGATTATGA","AGTTTTAACCAAAAAAAACATTTAATCAT",0
"231","GACCTCAACGCACAGTACGATTTTTGGGGTTGGTAGTAAATT","CGTCACTGAAACCACCGGAAAAATACACCAAAAACCAAACAATT",1
"232","GTCATGCGCCCCATTTTCAAAACCTAATACCAAAAAACA","CTCGGACGCACCCATTTTTGGGTTGGTGTGATAGA",0
"233","GTCATGCGCCCCATAACACCCTAAAATCCCTATCA","CTCGGACGCACCCATTATAATTTTTGGAGATTTTAAAGATG",0
"234","AGCGAAGGAAGTATTTATTGTTTATAG","AGCACAAAATCTAAAAACCCAAACC",0
"235","GTCATGCGCCCCATATATGGGTATAGGGTTTTTAAAAG","CTCGGACGCACCCACTACCCTCCTCCCTCTAA",1
"236","GTCATGCGCCCCATAAAAAAATAATCCCATCCAAAAAATC","CTCGGACGCACCCAATTTTAGGGTAATTTTTGATTTATAATT",0
"237","GACCTCAACGCACAGTACGATCTATCCCCTCTATCCCTC","CGTCACTGAAACCACCGGAATGATAGGTTGGTTATGATGG",1
"238","GTCATGCGCCCCATTTTTTTTTTTTTGTTTTTTGAATGGAG","CTCGGACGCACCCATATATTCAAATAAATAATACATAAAATCAT",1
"239","GTCATGCGCCCCATAATACACCAACTCCAAATAAACT","CTCGGACGCACCCATAGTATATAGTTTTAATTGTGAAAAG",0
"240","AGCTTTAGAGAAAAGTAGGTTGTGG","AGCCAAACCAAAAACCTCTACTAC",0
"241","GTCATGCGCCCCATAGTATGATGAGGAAGGAGAG","CTCGGACGCACCCATAAAATAAAATTTTATCAACTTCTCTAA",0
"242","AGAACTAAAATTCATAAAATCACACAT","AGGATAGAGTTTTTAAGTGGGTG",0
"243","GACCTCAACGCACAGTACGATAAATGTGTATATGGAGGGAG","CGTCACTGAAACCACCGGAAATCAAATTCCAAATCAATAAAATCT",0
"244","GACCTCAACGCACAGTACGAAATAGGTAGATTTTTTAGGAGAG","CGTCACTGAAACCACCGGAACCCTACACATCAAATCTTCT",1
"245","GTCATGCGCCCCATCCCACTAACAATTAAAACCCC","CTCGGACGCACCCATTTAGTTTTTTGGTAGGTAGTGA",0
"246","GTCATGCGCCCCATTATTTTAGATAATTTATTTAATTTTTTTGG","CTCGGACGCACCCATCTTAAAAAAATCCAAAATCCCC",1
"247","AGCTATTTAAATAAACAAACTAAACCCA","AGCGTTTGTAGATAGTGTGGGG",0
"248","GACCTCAACGCACAGTACGAGTTGTTTTTGGGAAGATAAGTG","CGTCACTGAAACCACCGGAACATAACTAAATAAAAATAAAAAAAACC",1
"249","GTCATGCGCCCCATAAAGGAGAGTAGGGGTGG","CTCGGACGCACCCAAACAAAATACTAAACAAAAACTTCC",0
"250","AGTTTTGGAAAGAAGTTTTTATTGGA","AGAATTTATAAATATTTTACTTTACTTCC",0
"251","GACCTCAACGCACAGTACGACCCTTAATTTTCAAAACTTATTCT","CGTCACTGAAACCACCGGAAAAGAAGATTTTATATTTGAGATGG",0
"252","AGAGTAAAGTATTAGTTTAAGAAGGA","AGCAATAATCAACTTTAAAAACTTCC",0
"253","AGGTAATAAATTTTTTTGTTATAGAGAG","AGTACTCCTACTACCTTACCTC",0
"254","GTCATGCGCCCCATATAATATTTTTAACAAAAAACCACATTT","CTCGGACGCACCCATAAGTTTTAATTGTTGTTTTTGTTTTAG",1
"255","GTCATGCGCCCCATACCAACCTCTCCCACCTA","CTCGGACGCACCCAAATGATTTTATTTTAGGAATGAGGA",0
"256","AGACTACCAACAACTAAAAATCCC","AGGGGTTGGTAGGGTTAGG",0
"257","AGAAAATAAAAAAATAAAAATCAAAATCATTA","AGTTTTTTTTTTTTTTTTTAGTTTTATTAATG",1
"258","AGATTACTAAATCCAAACTCCTCA","AGGGTTTTTTTATTGGTTAGTGAG",1
"259","GACCTCAACGCACAGTACGACATCCTTAAAAATACTCTTTCC","CGTCACTGAAACCACCGGAAGTTGGGTTAATATTTGAGGG",0
"260","GTCATGCGCCCCATCAAAAAATCAAATATTAAATCCTACC","CTCGGACGCACCCATATTTGTTATTAGGATTTTATTTTAGG",1
"261","GACCTCAACGCACAGTACGAGTTTTTTTTTTTTATTTAGGATGGT","CGTCACTGAAACCACCGGAACTACCAAAAACCTTCTATACAA",0
"262","GTCATGCGCCCCATTTTCACTTATCAAAATTTTTAAATCTC","CTCGGACGCACCCAAAAAATGGGGGTGGGGGT",0
"263","GACCTCAACGCACAGTACGATACTTTCTCTAACACCTCCC","CGTCACTGAAACCACCGGAAAGGGTTGGTGATAGGTATG",1
"264","AGCCTCCACAAATAACTCCAC","AGGGTTTAGTTTTGGGGTTGTG",1
"265","GACCTCAACGCACAGTACGATTAAAAAACCACCACTTCCAAT","CGTCACTGAAACCACCGGAATTGTTGTAATTGATAAATTATGTGA",1
"266","GACCTCAACGCACAGTACGAATACTTCTTAAAAAAATAACCTTCT","CGTCACTGAAACCACCGGAAAAGAAAATAGGTTTTTGGTTTTAAA",1
"267","AGCGGGAGAGGGTTGTGGG","AGCTCACCCCTCCTCCTCC",0
"268","GACCTCAACGCACAGTACGATTCACTCCTCCCCCATC","CGTCACTGAAACCACCGGAAGATTTTTTTTTTTTTTTTTTAAAAATGG",1
"269","AGCAATTAAAATTCATTTAAAACCATTTCAT","AGCATATTAAAGTTAGGTTATGAAATAAG",0
"270","GTCATGCGCCCCATATATTTTTAAGTTTTATTTGTTAGGATT","CTCGGACGCACCCACCACAAAAAATAAAAATAAAAATATCC",1
"271","GTCATGCGCCCCATAATTTGTTTTTGTAATTGTTTTAGTAAA","CTCGGACGCACCCATCTAATATCTTCACATATCAATATAT",1
"272","GTCATGCGCCCCATTATTAATCAATAACTATCACTAAAATAC","CTCGGACGCACCCATTAGTTTAGTTTTTTTTAAATTAAGGG",0
"273","AGCGGAAATTAGGGATTATGAGG","AGCTAAAAACCCTCCCAACCCT",0
"274","GACCTCAACGCACAGTACGAGTTATATTGGTGAGGAGGG","CGTCACTGAAACCACCGGAAAAAAACTAAAATTAACAAAAACACC",0
"275","GTCATGCGCCCCATATAAAATAAAAAAAATATCAAAACACCT","CTCGGACGCACCCATTTTATTGTTTAAAGTAGTTGTTTAAAT",1
"276","GACCTCAACGCACAGTACGAAAATAATAAACAATTAAAATATCTTCTT","CGTCACTGAAACCACCGGAAGGATTAGGTTGGAAGGTGA",1
"277","GTCATGCGCCCCATTTCCTTAAATAAATTAACTCACTCT","CTCGGACGCACCCATATTGTAAAAAAAAATGATATAAGGATA",0
"278","GTCATGCGCCCCATAAGTTTTTTTAGTTTAGTTGGAAAAT","CTCGGACGCACCCATATCCCAAAAATTCAAACTACAC",1
"279","AGCTATATCTATCCCAAAAAAAAACCT","AGCAATAAGAAAGAAAAAGAGGAAAGG",0
"280","AGCGAAGAGTTTGTAGAGGAGG","AGCCTATCCAACATAACCTTCTC",1
"281","GACCTCAACGCACAGTACGAAAAAAAACTTTTCTTCCCAAACAA","CGTCACTGAAACCACCGGAAAGAGTGTAAGGTGGGGG",0
"282","AGTCAATCCCTCCTTTCCTCT","AGGAGTTTGTTGGGTAGAGAG",1
"283","GACCTCAACGCACAGTACGAGTTATTGTTGAGAAATGGATTG","CGTCACTGAAACCACCGGAAACAAAAAAATTTATACAAAAAACAACT",0
"284","AGCTATAGGTTTGTGGGTAGAGT","AGCACAACTTAACCCTCCTACTT",0
"285","GACCTCAACGCACAGTACGACAACTATTACTATAAAATAAACATTAA","CGTCACTGAAACCACCGGAAGGTTAGTTTAGTTGGTTAGAG",0
"286","AGCCTAAACTTTTTAACCCTTTCCT","AGCTTTTGAGTGAAGGAAGGGAA",1
"287","GACCTCAACGCACAGTACGAGGTGGATTATGTTGAGGTAG","CGTCACTGAAACCACCGGAAACCAAAACAAAACAAAAACATCAA",1
"288","AGCTGATTAATAAGTGTTTTTTGTTGTG","AGCCTCAACTTACCACAATAAACC",0
"289","GACCTCAACGCACAGTACGAGAAGTGGTGAGTTATATTGTTA","CGTCACTGAAACCACCGGAACTAACAAAACTTATTCAAAAACATT",1
"290","GACCTCAACGCACAGTACGAAAAATTCCTAAACTCTAAACATCA","CGTCACTGAAACCACCGGAAGGGATAAGGGGGAGGAA",0
"291","AGCTTTTTTTTTTTTTATAGGTTATAGGTT","AGCCATTCTAAACCCCCTAAACC",1
"292","AGCGTTTAGGTATAGGAGGGAG","AGCCCTCTCCTTCCAACCCA",0
"293","GACCTCAACGCACAGTACGATTTTAGTTTATGGTGAGTGTGG","CGTCACTGAAACCACCGGAACCTAAACTTACCTAAAACTCC",1
"294","GACCTCAACGCACAGTACGATTTGGGTTGGAAGGAGAGG","CGTCACTGAAACCACCGGAAACTACACCCACTCCCCA",1
"295","GACCTCAACGCACAGTACGAAAAATAGGTAGTTTTTTGTGATGA","CGTCACTGAAACCACCGGAACACCCCTCCTACTCCC",0
"296","AGCTAGTTGTTTTTTTAAAAAAAAGTGG","AGCTACTCTACTTATCTCCCCAC",1
"297","GTCATGCGCCCCATATAACATAAAATCTTTTAAAAAAACTAATA","CTCGGACGCACCCAATTTAAGTTTTTAAGAAGTGGGAG",0
"298","GTCATGCGCCCCATTGTTTTTTTTGTTTTTTTTTTAGTTAAG","CTCGGACGCACCCATTCTTACTAAAAACTCAAATAAAACT",1
"299","GACCTCAACGCACAGTACGATTTAGAGAAAAGTAGGTTGTGG","CGTCACTGAAACCACCGGAACAAACCAAAAACCTCTACTAC",1
"300","GACCTCAACGCACAGTACGAGTAGGATTTATAGAAGTGAGG","CGTCACTGAAACCACCGGAAATCTCCTTTCTACACCCAC",1
"301","GACCTCAACGCACAGTACGAGGTAAGTGTTTAGGATGGTT","CGTCACTGAAACCACCGGAAATCACAAAACCCCTCCCTT",1
"302","AGCACTACCCTCAACTTCCCAA","AGCTTTGGGTTGTTGAGTGAATG",0
"303","GTCATGCGCCCCATATATAAAAATCTTCCTCCTAAAATAA","CTCGGACGCACCCAATTATTATTTTGTTTGTTTTTTGTTTGT",1
"304","GTCATGCGCCCCATCCAATAAAACTCAATTTTCAAATTAA","CTCGGACGCACCCAGAGGTAATTTGTGTATTGTTGG",1
"305","GACCTCAACGCACAGTACGATATTTAAATAAACAAACTAAACCCA","CGTCACTGAAACCACCGGAAGTTTGTAGATAGTGTGGGG",1
"306","GTCATGCGCCCCATAAAAAATACTAATAAATCAAATTTAAAACT","CTCGGACGCACCCATGAGTTTTTAAGGTTTGTTATTTTG",1
"307","GTCATGCGCCCCATTTTTGTAGTTGTTAGATTTGGGA","CTCGGACGCACCCAAAAAACTCCAAAAAACTAAACTTCC",1
"308","GTCATGCGCCCCATGATTGAGTTTATTTTGTGGGG","CTCGGACGCACCCAACCTTTACTCTTCAAAATAAAAACA",1
"309","GACCTCAACGCACAGTACGAATTAGGTAGAGGTGGGTGG","CGTCACTGAAACCACCGGAAAAAAAAACAATCCCTTTCCCTA",1
"310","GTCATGCGCCCCATTTTAAGTTTTTTTTTTTTTGTTTTTTGAAT","CTCGGACGCACCCATTATATTCAAATAAATAATACATAAAATCA",1
"311","GACCTCAACGCACAGTACGAGGAAATTAGGGATTATGAGG","CGTCACTGAAACCACCGGAATAAAAACCCTCCCAACCCT",1
"312","GACCTCAACGCACAGTACGATATATCTATCCCAAAAAAAAACCT","CGTCACTGAAACCACCGGAAAATAAGAAAGAAAAAGAGGAAAGG",1
"313","GTCATGCGCCCCATGTAGTTGTTAGATTTGGGAGT","CTCGGACGCACCCAACTCCAAAAAACTAAACTTCCC",1
"314","GACCTCAACGCACAGTACGATATAGGTTTGTGGGTAGAGT","CGTCACTGAAACCACCGGAAACAACTTAACCCTCCTACTT",1
"315","AGCTTAAAAATGGGGTGGGGTAG","AGCCCAATATAAATCCCCACCC",1
"316","GACCTCAACGCACAGTACGATTTCCAACCCAATTTTCCAAC","CGTCACTGAAACCACCGGAATAAATGTTTTGGAGAGTTTAAGTG",1
"317","AGCACCAATATAAATCCCCACCC","AGCAAAAATGGGGTGGGGTAGG",1
"318","GACCTCAACGCACAGTACGATGATTAATAAGTGTTTTTTGTTGTG","CGTCACTGAAACCACCGGAACTCAACTTACCACAATAAACC",1
"319","GACCTCAACGCACAGTACGAGTTTAGGTATAGGAGGGAG","CGTCACTGAAACCACCGGAACCTCTCCTTCCAACCCA",1
